sampleName,barcode1,barcode2,gRNA
B2M_2,AAAAAAAA,CTCTCTATNNWNNWNN,B2M
B2M_3,AAAAAAAA,ACTGCATANNWNNWNN,B2M
TRAC5_1,TTTTTTTT,GTAAGGAGv,TRAC
TRAC5_2,TTTTTTTT,ACTGCATANNWNNWNN,TRAC
TRAC5_3,TTTTTTTT,TATCCTCTNNWNNWNN,TRAC
VEGFAs2_1,CCCCCCCC,AGAGTAGANNWNNWNN,VEGFAs2
VEGFAs2_2,CCCCCCCC,ACTGCATANNWNNWNN,VEGFAs2
VEGFAs2_3,CCCCCCCC,GTAAGGAGNNWNNWNN,VEGFAs2
VEGFAs3_1,GGGGGGGG,GTACCTAGNNWNNWNN,VEGFAs3
VEGFAs3_2,GGGGGGGG,ACTGATGGNNWNNWNN,VEGFAs3
VEGFAs3_3,GGGGGGGG,CAGAGCTANNWNNWNN,VEGFAs3
mock_1,CGCGCGCG,CTCTCTATNNWNNWNN,Mock
mock_2,CGCGCGCG,GACATTGTNNWNNWNN,Mock
mock_3,CGCGCGCG,TATCCTCTNNWNNWNN,Mock
mock_4,CGCGCGCG,TAGATCGCNNWNNWNN,Mock
mock_5,CGCGCGCG,TGGATTGTNNWNNWNN,Mock
