sampleName;Include_in_run;Cell_Type;Genome;gRNA_name;orientation;replicate;gRNA_sequence;Cas;PAM_sequence;PAM_side;Cut_Offset;type;index1;index2;UMI_pattern;path_to_files
B2M_1;yes;CD34;GRCh38;B2M;mix;;GAGTAGCGCGAGCACAGCTA;Cas9;NGG;3;-4;guideseq;AAAAAAAA;TAGATCGC;NNWNNWNN;
B2M_2;yes;CD34;GRCh38;B2M;mix;;GAGTAGCGCGAGCACAGCTA;Cas9;NGG;3;-4;guideseq;AAAAAAAA;CTCTCTAT;NNWNNWNN;
B2M_3;yes;CD34;GRCh38;B2M;mix;;GAGTAGCGCGAGCACAGCTA;Cas9;NGG;3;-4;guideseq;AAAAAAAA;ACTGCATA;NNWNNWNN;
TRAC5_1;yes;CD34;GRCh38;TRAC5;mix;;TGTGCTAGACATGAGGTCTA;Cas9;NGG;3;-4;guideseq;TTTTTTTT;GTAAGGAG;NNWNNWNN;
TRAC5_2;yes;CD34;GRCh38;TRAC5;mix;;TGTGCTAGACATGAGGTCTA;Cas9;NGG;3;-4;guideseq;TTTTTTTT;ACTGCATA;NNWNNWNN;
TRAC5_3;yes;CD34;GRCh38;TRAC5;mix;;TGTGCTAGACATGAGGTCTA;Cas9;NGG;3;-4;guideseq;TTTTTTTT;TATCCTCT;NNWNNWNN;
VEGFAs2_1;yes;CD34;GRCh38;VEGFAs2;mix;;GACCCCCTCCACCCCGCCTC;Cas9;NGG;3;-4;guideseq;CCCCCCCC;AGAGTAGA;NNWNNWNN;
VEGFAs2_2;yes;CD34;GRCh38;VEGFAs2;mix;;GACCCCCTCCACCCCGCCTC;Cas9;NGG;3;-4;guideseq;CCCCCCCC;ACTGCATA;NNWNNWNN;
VEGFAs2_3;yes;CD34;GRCh38;VEGFAs2;mix;;GACCCCCTCCACCCCGCCTC;Cas9;NGG;3;-4;guideseq;CCCCCCCC;GTAAGGAG;NNWNNWNN;
VEGFAs3_1;yes;CD34;GRCh38;VEGFAs3;mix;;GGTGAGTGAGTGTGTGCGTG;Cas9;NGG;3;-4;guideseq;GGGGGGGG;GTACCTAG;NNWNNWNN;
VEGFAs3_2;yes;CD34;GRCh38;VEGFAs3;mix;;GGTGAGTGAGTGTGTGCGTG;Cas9;NGG;3;-4;guideseq;GGGGGGGG;ACTGATGG;NNWNNWNN;
VEGFAs3_3;yes;CD34;GRCh38;VEGFAs3;mix;;GGTGAGTGAGTGTGTGCGTG;Cas9;NGG;3;-4;guideseq;GGGGGGGG;CAGAGCTA;NNWNNWNN;
Mock_1;yes;CD34;GRCh38;mock;mix;;GGTGAGTGAGTGTGTGCGTG;Cas9;NGG;3;-4;guideseq;CGCGCGCG;CTCTCTAT;NNWNNWNN;
Mock_2;yes;CD34;GRCh38;mock;mix;;GGTGAGTGAGTGTGTGCGTG;Cas9;NGG;3;-4;guideseq;CGCGCGCG;GACATTGT;NNWNNWNN;
Mock_3;yes;CD34;GRCh38;mock;mix;;GGTGAGTGAGTGTGTGCGTG;Cas9;NGG;3;-4;guideseq;CGCGCGCG;TATCCTCT;NNWNNWNN;
Mock_4;yes;CD34;GRCh38;mock;mix;;GGTGAGTGAGTGTGTGCGTG;Cas9;NGG;3;-4;guideseq;CGCGCGCG;TAGATCGC;NNWNNWNN;
Mock_5;yes;CD34;GRCh38;mock;mix;;GGTGAGTGAGTGTGTGCGTG;Cas9;NGG;3;-4;guideseq;CGCGCGCG;TGGATTGT;NNWNNWNN;
